HITId,WorkerId,Image_1,Image_2,Similarity_Rating
31D0ZWOD0AZAQZHFT6W6LROZREXA0O,A1RCVIJAS2Z3GC,https://isabellalv.pythonanywhere.com/mturkImages_sil/tp_pos0001.png,https://isabellalv.pythonanywhere.com/mturkImages_sil/tp_pos0002.png,6 - somewhat similar
31D0ZWOD0AZAQZHFT6W6LROZREXA0O,A1WY3YGT618GC0,https://isabellalv.pythonanywhere.com/mturkImages_sil/tp_pos0001.png,https://isabellalv.pythonanywhere.com/mturkImages_sil/tp_pos0002.png,7 - mostly similar
31D0ZWOD0AZAQZHFT6W6LROZREXA0O,A1YSYI926BBOHW,https://isabellalv.pythonanywhere.com/mturkImages_sil/tp_pos0001.png,https://isabellalv.pythonanywhere.com/mturkImages_sil/tp_pos0002.png,7 - mostly similar
31D0ZWOD0AZAQZHFT6W6LROZREXA0O,A1ZNF81S5LQ6A3,https://isabellalv.pythonanywhere.com/mturkImages_sil/tp_pos0001.png,https://isabellalv.pythonanywhere.com/mturkImages_sil/tp_pos0002.png,9 - extremely similar
31D0ZWOD0AZAQZHFT6W6LROZREXA0O,A28AXX4NCWPH1F,https://isabellalv.pythonanywhere.com/mturkImages_sil/tp_pos0001.png,https://isabellalv.pythonanywhere.com/mturkImages_sil/tp_pos0002.png,7 - mostly similar
31D0ZWOD0AZAQZHFT6W6LROZREXA0O,A2MKIXI9X3HJF4,https://isabellalv.pythonanywhere.com/mturkImages_sil/tp_pos0001.png,https://isabellalv.pythonanywhere.com/mturkImages_sil/tp_pos0002.png,8 - very similar
31D0ZWOD0AZAQZHFT6W6LROZREXA0O,A31WOXRP672UKZ,https://isabellalv.pythonanywhere.com/mturkImages_sil/tp_pos0001.png,https://isabellalv.pythonanywhere.com/mturkImages_sil/tp_pos0002.png,3 - mostly different
31D0ZWOD0AZAQZHFT6W6LROZREXA0O,A80WPJSYIU9LT,https://isabellalv.pythonanywhere.com/mturkImages_sil/tp_pos0001.png,https://isabellalv.pythonanywhere.com/mturkImages_sil/tp_pos0002.png,6 - somewhat similar
31D0ZWOD0AZAQZHFT6W6LROZREXA0O,ATJ92FYQX176Z,https://isabellalv.pythonanywhere.com/mturkImages_sil/tp_pos0001.png,https://isabellalv.pythonanywhere.com/mturkImages_sil/tp_pos0002.png,8 - very similar
3MJ28H2Y1E8YNAXH0V703H4VX3C5O3,A1GWEENWSTM5Z,https://isabellalv.pythonanywhere.com/mturkImages_sil/ca_pos0002.png,https://isabellalv.pythonanywhere.com/mturkImages_sil/ca_pos0003.png,5 - neither different nor similar
3MJ28H2Y1E8YNAXH0V703H4VX3C5O3,A1UET5TMTVSOC1,https://isabellalv.pythonanywhere.com/mturkImages_sil/ca_pos0002.png,https://isabellalv.pythonanywhere.com/mturkImages_sil/ca_pos0003.png,5 - neither different nor similar
3MJ28H2Y1E8YNAXH0V703H4VX3C5O3,A1WY3YGT618GC0,https://isabellalv.pythonanywhere.com/mturkImages_sil/ca_pos0002.png,https://isabellalv.pythonanywhere.com/mturkImages_sil/ca_pos0003.png,7 - mostly similar
3MJ28H2Y1E8YNAXH0V703H4VX3C5O3,A1Y5WECM370QXW,https://isabellalv.pythonanywhere.com/mturkImages_sil/ca_pos0002.png,https://isabellalv.pythonanywhere.com/mturkImages_sil/ca_pos0003.png,5 - neither different nor similar
3MJ28H2Y1E8YNAXH0V703H4VX3C5O3,A1YSYI926BBOHW,https://isabellalv.pythonanywhere.com/mturkImages_sil/ca_pos0002.png,https://isabellalv.pythonanywhere.com/mturkImages_sil/ca_pos0003.png,7 - mostly similar
3MJ28H2Y1E8YNAXH0V703H4VX3C5O3,A1ZNF81S5LQ6A3,https://isabellalv.pythonanywhere.com/mturkImages_sil/ca_pos0002.png,https://isabellalv.pythonanywhere.com/mturkImages_sil/ca_pos0003.png,7 - mostly similar
3MJ28H2Y1E8YNAXH0V703H4VX3C5O3,A31WOXRP672UKZ,https://isabellalv.pythonanywhere.com/mturkImages_sil/ca_pos0002.png,https://isabellalv.pythonanywhere.com/mturkImages_sil/ca_pos0003.png,3 - mostly different
3MJ28H2Y1E8YNAXH0V703H4VX3C5O3,A3F51C49T9A34D,https://isabellalv.pythonanywhere.com/mturkImages_sil/ca_pos0002.png,https://isabellalv.pythonanywhere.com/mturkImages_sil/ca_pos0003.png,7 - mostly similar
3MJ28H2Y1E8YNAXH0V703H4VX3C5O3,ABZF0LWDMH43D,https://isabellalv.pythonanywhere.com/mturkImages_sil/ca_pos0002.png,https://isabellalv.pythonanywhere.com/mturkImages_sil/ca_pos0003.png,4 - somewhat different
3EPG8DX9LKQG8A9IFVKFSH9L7885PK,A1OYKOGC8W3EO5,https://isabellalv.pythonanywhere.com/mturkImages_sil/cb_pos0003.png,https://isabellalv.pythonanywhere.com/mturkImages_sil/cb_pos0004.png,7 - mostly similar
3EPG8DX9LKQG8A9IFVKFSH9L7885PK,A1TREN23A21R5Z,https://isabellalv.pythonanywhere.com/mturkImages_sil/cb_pos0003.png,https://isabellalv.pythonanywhere.com/mturkImages_sil/cb_pos0004.png,6 - somewhat similar
3EPG8DX9LKQG8A9IFVKFSH9L7885PK,A1WY3YGT618GC0,https://isabellalv.pythonanywhere.com/mturkImages_sil/cb_pos0003.png,https://isabellalv.pythonanywhere.com/mturkImages_sil/cb_pos0004.png,6 - somewhat similar
3EPG8DX9LKQG8A9IFVKFSH9L7885PK,A1Y5WECM370QXW,https://isabellalv.pythonanywhere.com/mturkImages_sil/cb_pos0003.png,https://isabellalv.pythonanywhere.com/mturkImages_sil/cb_pos0004.png,5 - neither different nor similar
3EPG8DX9LKQG8A9IFVKFSH9L7885PK,A1YSYI926BBOHW,https://isabellalv.pythonanywhere.com/mturkImages_sil/cb_pos0003.png,https://isabellalv.pythonanywhere.com/mturkImages_sil/cb_pos0004.png,4 - somewhat different
3EPG8DX9LKQG8A9IFVKFSH9L7885PK,A1ZNF81S5LQ6A3,https://isabellalv.pythonanywhere.com/mturkImages_sil/cb_pos0003.png,https://isabellalv.pythonanywhere.com/mturkImages_sil/cb_pos0004.png,7 - mostly similar
3EPG8DX9LKQG8A9IFVKFSH9L7885PK,A28AXX4NCWPH1F,https://isabellalv.pythonanywhere.com/mturkImages_sil/cb_pos0003.png,https://isabellalv.pythonanywhere.com/mturkImages_sil/cb_pos0004.png,6 - somewhat similar
3EPG8DX9LKQG8A9IFVKFSH9L7885PK,A31WOXRP672UKZ,https://isabellalv.pythonanywhere.com/mturkImages_sil/cb_pos0003.png,https://isabellalv.pythonanywhere.com/mturkImages_sil/cb_pos0004.png,7 - mostly similar
3EPG8DX9LKQG8A9IFVKFSH9L7885PK,AX8YWKJK9XQH,https://isabellalv.pythonanywhere.com/mturkImages_sil/cb_pos0003.png,https://isabellalv.pythonanywhere.com/mturkImages_sil/cb_pos0004.png,6 - somewhat similar
3EKZL9T8Y8M9UEK9BSZIXED4DYKCHU,A157L6Z8QU3SDE,https://isabellalv.pythonanywhere.com/mturkImages_sil/gr_pos0004.png,https://isabellalv.pythonanywhere.com/mturkImages_sil/gr_pos0005.png,8 - very similar
3EKZL9T8Y8M9UEK9BSZIXED4DYKCHU,A1GWEENWSTM5Z,https://isabellalv.pythonanywhere.com/mturkImages_sil/gr_pos0004.png,https://isabellalv.pythonanywhere.com/mturkImages_sil/gr_pos0005.png,6 - somewhat similar
3EKZL9T8Y8M9UEK9BSZIXED4DYKCHU,A1OYKOGC8W3EO5,https://isabellalv.pythonanywhere.com/mturkImages_sil/gr_pos0004.png,https://isabellalv.pythonanywhere.com/mturkImages_sil/gr_pos0005.png,7 - mostly similar
3EKZL9T8Y8M9UEK9BSZIXED4DYKCHU,A1WY3YGT618GC0,https://isabellalv.pythonanywhere.com/mturkImages_sil/gr_pos0004.png,https://isabellalv.pythonanywhere.com/mturkImages_sil/gr_pos0005.png,2 - very different
3EKZL9T8Y8M9UEK9BSZIXED4DYKCHU,A1Y5WECM370QXW,https://isabellalv.pythonanywhere.com/mturkImages_sil/gr_pos0004.png,https://isabellalv.pythonanywhere.com/mturkImages_sil/gr_pos0005.png,7 - mostly similar
3EKZL9T8Y8M9UEK9BSZIXED4DYKCHU,A1YSYI926BBOHW,https://isabellalv.pythonanywhere.com/mturkImages_sil/gr_pos0004.png,https://isabellalv.pythonanywhere.com/mturkImages_sil/gr_pos0005.png,6 - somewhat similar
3EKZL9T8Y8M9UEK9BSZIXED4DYKCHU,A28AXX4NCWPH1F,https://isabellalv.pythonanywhere.com/mturkImages_sil/gr_pos0004.png,https://isabellalv.pythonanywhere.com/mturkImages_sil/gr_pos0005.png,6 - somewhat similar
3EKZL9T8Y8M9UEK9BSZIXED4DYKCHU,A31WOXRP672UKZ,https://isabellalv.pythonanywhere.com/mturkImages_sil/gr_pos0004.png,https://isabellalv.pythonanywhere.com/mturkImages_sil/gr_pos0005.png,4 - somewhat different
3EKZL9T8Y8M9UEK9BSZIXED4DYKCHU,A3Q4EPB9AFMXIR,https://isabellalv.pythonanywhere.com/mturkImages_sil/gr_pos0004.png,https://isabellalv.pythonanywhere.com/mturkImages_sil/gr_pos0005.png,7 - mostly similar
3UV0D2KX1MJMLEGONN50BVP356QF4M,A1OYKOGC8W3EO5,https://isabellalv.pythonanywhere.com/mturkImages_sil/cb_pos0008.png,https://isabellalv.pythonanywhere.com/mturkImages_sil/cb_pos0009.png,7 - mostly similar
3UV0D2KX1MJMLEGONN50BVP356QF4M,A1WY3YGT618GC0,https://isabellalv.pythonanywhere.com/mturkImages_sil/cb_pos0008.png,https://isabellalv.pythonanywhere.com/mturkImages_sil/cb_pos0009.png,7 - mostly similar
3UV0D2KX1MJMLEGONN50BVP356QF4M,A1Y5WECM370QXW,https://isabellalv.pythonanywhere.com/mturkImages_sil/cb_pos0008.png,https://isabellalv.pythonanywhere.com/mturkImages_sil/cb_pos0009.png,6 - somewhat similar
3UV0D2KX1MJMLEGONN50BVP356QF4M,A1YSYI926BBOHW,https://isabellalv.pythonanywhere.com/mturkImages_sil/cb_pos0008.png,https://isabellalv.pythonanywhere.com/mturkImages_sil/cb_pos0009.png,7 - mostly similar
3UV0D2KX1MJMLEGONN50BVP356QF4M,A28AXX4NCWPH1F,https://isabellalv.pythonanywhere.com/mturkImages_sil/cb_pos0008.png,https://isabellalv.pythonanywhere.com/mturkImages_sil/cb_pos0009.png,7 - mostly similar
3UV0D2KX1MJMLEGONN50BVP356QF4M,A2HRUFTA09371Y,https://isabellalv.pythonanywhere.com/mturkImages_sil/cb_pos0008.png,https://isabellalv.pythonanywhere.com/mturkImages_sil/cb_pos0009.png,6 - somewhat similar
3UV0D2KX1MJMLEGONN50BVP356QF4M,A32VCPPNNNTXF2,https://isabellalv.pythonanywhere.com/mturkImages_sil/cb_pos0008.png,https://isabellalv.pythonanywhere.com/mturkImages_sil/cb_pos0009.png,9 - extremely similar
3UV0D2KX1MJMLEGONN50BVP356QF4M,A6KOTWP7N7RLU,https://isabellalv.pythonanywhere.com/mturkImages_sil/cb_pos0008.png,https://isabellalv.pythonanywhere.com/mturkImages_sil/cb_pos0009.png,8 - very similar
3UV0D2KX1MJMLEGONN50BVP356QF4M,ABZF0LWDMH43D,https://isabellalv.pythonanywhere.com/mturkImages_sil/cb_pos0008.png,https://isabellalv.pythonanywhere.com/mturkImages_sil/cb_pos0009.png,7 - mostly similar
32204AGAABCMBQ0EDEV1N5YJBQCHG9,A1OYKOGC8W3EO5,https://isabellalv.pythonanywhere.com/mturkImages_sil/tp_pos0003.png,https://isabellalv.pythonanywhere.com/mturkImages_sil/tp_pos0004.png,7 - mostly similar
32204AGAABCMBQ0EDEV1N5YJBQCHG9,A1UET5TMTVSOC1,https://isabellalv.pythonanywhere.com/mturkImages_sil/tp_pos0003.png,https://isabellalv.pythonanywhere.com/mturkImages_sil/tp_pos0004.png,6 - somewhat similar
32204AGAABCMBQ0EDEV1N5YJBQCHG9,A1WY3YGT618GC0,https://isabellalv.pythonanywhere.com/mturkImages_sil/tp_pos0003.png,https://isabellalv.pythonanywhere.com/mturkImages_sil/tp_pos0004.png,4 - somewhat different
32204AGAABCMBQ0EDEV1N5YJBQCHG9,A1Y5WECM370QXW,https://isabellalv.pythonanywhere.com/mturkImages_sil/tp_pos0003.png,https://isabellalv.pythonanywhere.com/mturkImages_sil/tp_pos0004.png,4 - somewhat different
32204AGAABCMBQ0EDEV1N5YJBQCHG9,A1YSYI926BBOHW,https://isabellalv.pythonanywhere.com/mturkImages_sil/tp_pos0003.png,https://isabellalv.pythonanywhere.com/mturkImages_sil/tp_pos0004.png,7 - mostly similar
32204AGAABCMBQ0EDEV1N5YJBQCHG9,A1ZNF81S5LQ6A3,https://isabellalv.pythonanywhere.com/mturkImages_sil/tp_pos0003.png,https://isabellalv.pythonanywhere.com/mturkImages_sil/tp_pos0004.png,8 - very similar
32204AGAABCMBQ0EDEV1N5YJBQCHG9,A28AXX4NCWPH1F,https://isabellalv.pythonanywhere.com/mturkImages_sil/tp_pos0003.png,https://isabellalv.pythonanywhere.com/mturkImages_sil/tp_pos0004.png,7 - mostly similar
32204AGAABCMBQ0EDEV1N5YJBQCHG9,A31WOXRP672UKZ,https://isabellalv.pythonanywhere.com/mturkImages_sil/tp_pos0003.png,https://isabellalv.pythonanywhere.com/mturkImages_sil/tp_pos0004.png,5 - neither different nor similar
32204AGAABCMBQ0EDEV1N5YJBQCHG9,A3F51C49T9A34D,https://isabellalv.pythonanywhere.com/mturkImages_sil/tp_pos0003.png,https://isabellalv.pythonanywhere.com/mturkImages_sil/tp_pos0004.png,7 - mostly similar
3CVBMEMMXBG3IXPDKBR7HSLQCNT7HW,A1OYKOGC8W3EO5,https://isabellalv.pythonanywhere.com/mturkImages_sil/ca_pos0006.png,https://isabellalv.pythonanywhere.com/mturkImages_sil/ca_pos0007.png,6 - somewhat similar
3CVBMEMMXBG3IXPDKBR7HSLQCNT7HW,A1UET5TMTVSOC1,https://isabellalv.pythonanywhere.com/mturkImages_sil/ca_pos0006.png,https://isabellalv.pythonanywhere.com/mturkImages_sil/ca_pos0007.png,9 - extremely similar
3CVBMEMMXBG3IXPDKBR7HSLQCNT7HW,A1WY3YGT618GC0,https://isabellalv.pythonanywhere.com/mturkImages_sil/ca_pos0006.png,https://isabellalv.pythonanywhere.com/mturkImages_sil/ca_pos0007.png,7 - mostly similar
3CVBMEMMXBG3IXPDKBR7HSLQCNT7HW,A1Y5WECM370QXW,https://isabellalv.pythonanywhere.com/mturkImages_sil/ca_pos0006.png,https://isabellalv.pythonanywhere.com/mturkImages_sil/ca_pos0007.png,6 - somewhat similar
3CVBMEMMXBG3IXPDKBR7HSLQCNT7HW,A1YSYI926BBOHW,https://isabellalv.pythonanywhere.com/mturkImages_sil/ca_pos0006.png,https://isabellalv.pythonanywhere.com/mturkImages_sil/ca_pos0007.png,6 - somewhat similar
3CVBMEMMXBG3IXPDKBR7HSLQCNT7HW,A28AXX4NCWPH1F,https://isabellalv.pythonanywhere.com/mturkImages_sil/ca_pos0006.png,https://isabellalv.pythonanywhere.com/mturkImages_sil/ca_pos0007.png,7 - mostly similar
3CVBMEMMXBG3IXPDKBR7HSLQCNT7HW,A2MKIXI9X3HJF4,https://isabellalv.pythonanywhere.com/mturkImages_sil/ca_pos0006.png,https://isabellalv.pythonanywhere.com/mturkImages_sil/ca_pos0007.png,8 - very similar
3CVBMEMMXBG3IXPDKBR7HSLQCNT7HW,A31WOXRP672UKZ,https://isabellalv.pythonanywhere.com/mturkImages_sil/ca_pos0006.png,https://isabellalv.pythonanywhere.com/mturkImages_sil/ca_pos0007.png,4 - somewhat different
3CVBMEMMXBG3IXPDKBR7HSLQCNT7HW,ADXRJFEHIDXRE,https://isabellalv.pythonanywhere.com/mturkImages_sil/ca_pos0006.png,https://isabellalv.pythonanywhere.com/mturkImages_sil/ca_pos0007.png,8 - very similar
30ZKOOGW2W6AXO2XPP06ZW79W63A1R,A1OYKOGC8W3EO5,https://isabellalv.pythonanywhere.com/mturkImages_sil/ca_pos0007.png,https://isabellalv.pythonanywhere.com/mturkImages_sil/ca_pos0008.png,7 - mostly similar
30ZKOOGW2W6AXO2XPP06ZW79W63A1R,A1WVN0IYEVC5HU,https://isabellalv.pythonanywhere.com/mturkImages_sil/ca_pos0007.png,https://isabellalv.pythonanywhere.com/mturkImages_sil/ca_pos0008.png,8 - very similar
30ZKOOGW2W6AXO2XPP06ZW79W63A1R,A1WY3YGT618GC0,https://isabellalv.pythonanywhere.com/mturkImages_sil/ca_pos0007.png,https://isabellalv.pythonanywhere.com/mturkImages_sil/ca_pos0008.png,7 - mostly similar
30ZKOOGW2W6AXO2XPP06ZW79W63A1R,A1Y5WECM370QXW,https://isabellalv.pythonanywhere.com/mturkImages_sil/ca_pos0007.png,https://isabellalv.pythonanywhere.com/mturkImages_sil/ca_pos0008.png,6 - somewhat similar
30ZKOOGW2W6AXO2XPP06ZW79W63A1R,A1YSYI926BBOHW,https://isabellalv.pythonanywhere.com/mturkImages_sil/ca_pos0007.png,https://isabellalv.pythonanywhere.com/mturkImages_sil/ca_pos0008.png,8 - very similar
30ZKOOGW2W6AXO2XPP06ZW79W63A1R,A28AXX4NCWPH1F,https://isabellalv.pythonanywhere.com/mturkImages_sil/ca_pos0007.png,https://isabellalv.pythonanywhere.com/mturkImages_sil/ca_pos0008.png,8 - very similar
30ZKOOGW2W6AXO2XPP06ZW79W63A1R,A3CH1Z6J9R38G9,https://isabellalv.pythonanywhere.com/mturkImages_sil/ca_pos0007.png,https://isabellalv.pythonanywhere.com/mturkImages_sil/ca_pos0008.png,7 - mostly similar
30ZKOOGW2W6AXO2XPP06ZW79W63A1R,A80WPJSYIU9LT,https://isabellalv.pythonanywhere.com/mturkImages_sil/ca_pos0007.png,https://isabellalv.pythonanywhere.com/mturkImages_sil/ca_pos0008.png,7 - mostly similar
30ZKOOGW2W6AXO2XPP06ZW79W63A1R,AX8YWKJK9XQH,https://isabellalv.pythonanywhere.com/mturkImages_sil/ca_pos0007.png,https://isabellalv.pythonanywhere.com/mturkImages_sil/ca_pos0008.png,8 - very similar
3MNJFORX8B44HXKO1SOAGNVH52LF5R,A1GWEENWSTM5Z,https://isabellalv.pythonanywhere.com/mturkImages_sil/tp_pos0008.png,https://isabellalv.pythonanywhere.com/mturkImages_sil/tp_pos0009.png,6 - somewhat similar
3MNJFORX8B44HXKO1SOAGNVH52LF5R,A1OYKOGC8W3EO5,https://isabellalv.pythonanywhere.com/mturkImages_sil/tp_pos0008.png,https://isabellalv.pythonanywhere.com/mturkImages_sil/tp_pos0009.png,7 - mostly similar
3MNJFORX8B44HXKO1SOAGNVH52LF5R,A1UET5TMTVSOC1,https://isabellalv.pythonanywhere.com/mturkImages_sil/tp_pos0008.png,https://isabellalv.pythonanywhere.com/mturkImages_sil/tp_pos0009.png,6 - somewhat similar
3MNJFORX8B44HXKO1SOAGNVH52LF5R,A1WY3YGT618GC0,https://isabellalv.pythonanywhere.com/mturkImages_sil/tp_pos0008.png,https://isabellalv.pythonanywhere.com/mturkImages_sil/tp_pos0009.png,7 - mostly similar
3MNJFORX8B44HXKO1SOAGNVH52LF5R,A1YSYI926BBOHW,https://isabellalv.pythonanywhere.com/mturkImages_sil/tp_pos0008.png,https://isabellalv.pythonanywhere.com/mturkImages_sil/tp_pos0009.png,8 - very similar
3MNJFORX8B44HXKO1SOAGNVH52LF5R,A28AXX4NCWPH1F,https://isabellalv.pythonanywhere.com/mturkImages_sil/tp_pos0008.png,https://isabellalv.pythonanywhere.com/mturkImages_sil/tp_pos0009.png,6 - somewhat similar
3MNJFORX8B44HXKO1SOAGNVH52LF5R,A2MKIXI9X3HJF4,https://isabellalv.pythonanywhere.com/mturkImages_sil/tp_pos0008.png,https://isabellalv.pythonanywhere.com/mturkImages_sil/tp_pos0009.png,7 - mostly similar
3MNJFORX8B44HXKO1SOAGNVH52LF5R,A31WOXRP672UKZ,https://isabellalv.pythonanywhere.com/mturkImages_sil/tp_pos0008.png,https://isabellalv.pythonanywhere.com/mturkImages_sil/tp_pos0009.png,3 - mostly different
3MNJFORX8B44HXKO1SOAGNVH52LF5R,AKQAI78JTXXC9,https://isabellalv.pythonanywhere.com/mturkImages_sil/tp_pos0008.png,https://isabellalv.pythonanywhere.com/mturkImages_sil/tp_pos0009.png,7 - mostly similar
3MJ9GGZYO36HM9KT8T0K4FHEOCHA28,A1OYKOGC8W3EO5,https://isabellalv.pythonanywhere.com/mturkImages_sil/gr_pos0008.png,https://isabellalv.pythonanywhere.com/mturkImages_sil/gr_pos0009.png,6 - somewhat similar
3MJ9GGZYO36HM9KT8T0K4FHEOCHA28,A1TREN23A21R5Z,https://isabellalv.pythonanywhere.com/mturkImages_sil/gr_pos0008.png,https://isabellalv.pythonanywhere.com/mturkImages_sil/gr_pos0009.png,5 - neither different nor similar
3MJ9GGZYO36HM9KT8T0K4FHEOCHA28,A1WY3YGT618GC0,https://isabellalv.pythonanywhere.com/mturkImages_sil/gr_pos0008.png,https://isabellalv.pythonanywhere.com/mturkImages_sil/gr_pos0009.png,4 - somewhat different
3MJ9GGZYO36HM9KT8T0K4FHEOCHA28,A1Y5WECM370QXW,https://isabellalv.pythonanywhere.com/mturkImages_sil/gr_pos0008.png,https://isabellalv.pythonanywhere.com/mturkImages_sil/gr_pos0009.png,5 - neither different nor similar
3MJ9GGZYO36HM9KT8T0K4FHEOCHA28,A1YSYI926BBOHW,https://isabellalv.pythonanywhere.com/mturkImages_sil/gr_pos0008.png,https://isabellalv.pythonanywhere.com/mturkImages_sil/gr_pos0009.png,6 - somewhat similar
3MJ9GGZYO36HM9KT8T0K4FHEOCHA28,A28AXX4NCWPH1F,https://isabellalv.pythonanywhere.com/mturkImages_sil/gr_pos0008.png,https://isabellalv.pythonanywhere.com/mturkImages_sil/gr_pos0009.png,7 - mostly similar
3MJ9GGZYO36HM9KT8T0K4FHEOCHA28,A31WOXRP672UKZ,https://isabellalv.pythonanywhere.com/mturkImages_sil/gr_pos0008.png,https://isabellalv.pythonanywhere.com/mturkImages_sil/gr_pos0009.png,3 - mostly different
3MJ9GGZYO36HM9KT8T0K4FHEOCHA28,A6KOTWP7N7RLU,https://isabellalv.pythonanywhere.com/mturkImages_sil/gr_pos0008.png,https://isabellalv.pythonanywhere.com/mturkImages_sil/gr_pos0009.png,8 - very similar
3MJ9GGZYO36HM9KT8T0K4FHEOCHA28,AEWPAZBYA7XE,https://isabellalv.pythonanywhere.com/mturkImages_sil/gr_pos0008.png,https://isabellalv.pythonanywhere.com/mturkImages_sil/gr_pos0009.png,8 - very similar
36818Z1KV3D67RGCCTEPNPM6UQHA3J,A1OYKOGC8W3EO5,https://isabellalv.pythonanywhere.com/mturkImages_sil/cb_pos0006.png,https://isabellalv.pythonanywhere.com/mturkImages_sil/cb_pos0007.png,5 - neither different nor similar
36818Z1KV3D67RGCCTEPNPM6UQHA3J,A1UET5TMTVSOC1,https://isabellalv.pythonanywhere.com/mturkImages_sil/cb_pos0006.png,https://isabellalv.pythonanywhere.com/mturkImages_sil/cb_pos0007.png,6 - somewhat similar
36818Z1KV3D67RGCCTEPNPM6UQHA3J,A1WY3YGT618GC0,https://isabellalv.pythonanywhere.com/mturkImages_sil/cb_pos0006.png,https://isabellalv.pythonanywhere.com/mturkImages_sil/cb_pos0007.png,8 - very similar
36818Z1KV3D67RGCCTEPNPM6UQHA3J,A1YSYI926BBOHW,https://isabellalv.pythonanywhere.com/mturkImages_sil/cb_pos0006.png,https://isabellalv.pythonanywhere.com/mturkImages_sil/cb_pos0007.png,7 - mostly similar
36818Z1KV3D67RGCCTEPNPM6UQHA3J,A28AXX4NCWPH1F,https://isabellalv.pythonanywhere.com/mturkImages_sil/cb_pos0006.png,https://isabellalv.pythonanywhere.com/mturkImages_sil/cb_pos0007.png,7 - mostly similar
36818Z1KV3D67RGCCTEPNPM6UQHA3J,A2EJ7U3TZAKROG,https://isabellalv.pythonanywhere.com/mturkImages_sil/cb_pos0006.png,https://isabellalv.pythonanywhere.com/mturkImages_sil/cb_pos0007.png,7 - mostly similar
36818Z1KV3D67RGCCTEPNPM6UQHA3J,A31WOXRP672UKZ,https://isabellalv.pythonanywhere.com/mturkImages_sil/cb_pos0006.png,https://isabellalv.pythonanywhere.com/mturkImages_sil/cb_pos0007.png,7 - mostly similar
36818Z1KV3D67RGCCTEPNPM6UQHA3J,A3F51C49T9A34D,https://isabellalv.pythonanywhere.com/mturkImages_sil/cb_pos0006.png,https://isabellalv.pythonanywhere.com/mturkImages_sil/cb_pos0007.png,7 - mostly similar
36818Z1KV3D67RGCCTEPNPM6UQHA3J,ABZF0LWDMH43D,https://isabellalv.pythonanywhere.com/mturkImages_sil/cb_pos0006.png,https://isabellalv.pythonanywhere.com/mturkImages_sil/cb_pos0007.png,6 - somewhat similar
3GVPRXWRPHU3ES0XQT9SH4M5C087IP,A1EPDU6H7CA2NZ,https://isabellalv.pythonanywhere.com/mturkImages_sil/gr_pos0006.png,https://isabellalv.pythonanywhere.com/mturkImages_sil/gr_pos0007.png,6 - somewhat similar
3GVPRXWRPHU3ES0XQT9SH4M5C087IP,A1OYKOGC8W3EO5,https://isabellalv.pythonanywhere.com/mturkImages_sil/gr_pos0006.png,https://isabellalv.pythonanywhere.com/mturkImages_sil/gr_pos0007.png,5 - neither different nor similar
3GVPRXWRPHU3ES0XQT9SH4M5C087IP,A1WY3YGT618GC0,https://isabellalv.pythonanywhere.com/mturkImages_sil/gr_pos0006.png,https://isabellalv.pythonanywhere.com/mturkImages_sil/gr_pos0007.png,6 - somewhat similar
3GVPRXWRPHU3ES0XQT9SH4M5C087IP,A1Y5WECM370QXW,https://isabellalv.pythonanywhere.com/mturkImages_sil/gr_pos0006.png,https://isabellalv.pythonanywhere.com/mturkImages_sil/gr_pos0007.png,7 - mostly similar
3GVPRXWRPHU3ES0XQT9SH4M5C087IP,A1YSYI926BBOHW,https://isabellalv.pythonanywhere.com/mturkImages_sil/gr_pos0006.png,https://isabellalv.pythonanywhere.com/mturkImages_sil/gr_pos0007.png,5 - neither different nor similar
3GVPRXWRPHU3ES0XQT9SH4M5C087IP,A28AXX4NCWPH1F,https://isabellalv.pythonanywhere.com/mturkImages_sil/gr_pos0006.png,https://isabellalv.pythonanywhere.com/mturkImages_sil/gr_pos0007.png,4 - somewhat different
3GVPRXWRPHU3ES0XQT9SH4M5C087IP,A3D1QQ8BEO75C6,https://isabellalv.pythonanywhere.com/mturkImages_sil/gr_pos0006.png,https://isabellalv.pythonanywhere.com/mturkImages_sil/gr_pos0007.png,6 - somewhat similar
3GVPRXWRPHU3ES0XQT9SH4M5C087IP,A3UQ5DF8VVD975,https://isabellalv.pythonanywhere.com/mturkImages_sil/gr_pos0006.png,https://isabellalv.pythonanywhere.com/mturkImages_sil/gr_pos0007.png,7 - mostly similar
3GVPRXWRPHU3ES0XQT9SH4M5C087IP,A6KOTWP7N7RLU,https://isabellalv.pythonanywhere.com/mturkImages_sil/gr_pos0006.png,https://isabellalv.pythonanywhere.com/mturkImages_sil/gr_pos0007.png,6 - somewhat similar
30UZJB2POHC91L4VHXN8FE6K2CG356,A1OYKOGC8W3EO5,https://isabellalv.pythonanywhere.com/mturkImages_sil/gr_pos0002.png,https://isabellalv.pythonanywhere.com/mturkImages_sil/gr_pos0003.png,8 - very similar
30UZJB2POHC91L4VHXN8FE6K2CG356,A1UET5TMTVSOC1,https://isabellalv.pythonanywhere.com/mturkImages_sil/gr_pos0002.png,https://isabellalv.pythonanywhere.com/mturkImages_sil/gr_pos0003.png,7 - mostly similar
30UZJB2POHC91L4VHXN8FE6K2CG356,A1WY3YGT618GC0,https://isabellalv.pythonanywhere.com/mturkImages_sil/gr_pos0002.png,https://isabellalv.pythonanywhere.com/mturkImages_sil/gr_pos0003.png,4 - somewhat different
30UZJB2POHC91L4VHXN8FE6K2CG356,A1Y5WECM370QXW,https://isabellalv.pythonanywhere.com/mturkImages_sil/gr_pos0002.png,https://isabellalv.pythonanywhere.com/mturkImages_sil/gr_pos0003.png,6 - somewhat similar
30UZJB2POHC91L4VHXN8FE6K2CG356,A1YSYI926BBOHW,https://isabellalv.pythonanywhere.com/mturkImages_sil/gr_pos0002.png,https://isabellalv.pythonanywhere.com/mturkImages_sil/gr_pos0003.png,3 - mostly different
30UZJB2POHC91L4VHXN8FE6K2CG356,A1ZNF81S5LQ6A3,https://isabellalv.pythonanywhere.com/mturkImages_sil/gr_pos0002.png,https://isabellalv.pythonanywhere.com/mturkImages_sil/gr_pos0003.png,7 - mostly similar
30UZJB2POHC91L4VHXN8FE6K2CG356,A28AXX4NCWPH1F,https://isabellalv.pythonanywhere.com/mturkImages_sil/gr_pos0002.png,https://isabellalv.pythonanywhere.com/mturkImages_sil/gr_pos0003.png,4 - somewhat different
30UZJB2POHC91L4VHXN8FE6K2CG356,A3F51C49T9A34D,https://isabellalv.pythonanywhere.com/mturkImages_sil/gr_pos0002.png,https://isabellalv.pythonanywhere.com/mturkImages_sil/gr_pos0003.png,6 - somewhat similar
30UZJB2POHC91L4VHXN8FE6K2CG356,AVMU5URCTSUZB,https://isabellalv.pythonanywhere.com/mturkImages_sil/gr_pos0002.png,https://isabellalv.pythonanywhere.com/mturkImages_sil/gr_pos0003.png,3 - mostly different
3K3G488TR2818MAXF8Z4SMZVC4U5QB,A1OYKOGC8W3EO5,https://isabellalv.pythonanywhere.com/mturkImages_sil/gr_pos0005.png,https://isabellalv.pythonanywhere.com/mturkImages_sil/gr_pos0006.png,6 - somewhat similar
3K3G488TR2818MAXF8Z4SMZVC4U5QB,A1WY3YGT618GC0,https://isabellalv.pythonanywhere.com/mturkImages_sil/gr_pos0005.png,https://isabellalv.pythonanywhere.com/mturkImages_sil/gr_pos0006.png,6 - somewhat similar
3K3G488TR2818MAXF8Z4SMZVC4U5QB,A1Y5WECM370QXW,https://isabellalv.pythonanywhere.com/mturkImages_sil/gr_pos0005.png,https://isabellalv.pythonanywhere.com/mturkImages_sil/gr_pos0006.png,4 - somewhat different
3K3G488TR2818MAXF8Z4SMZVC4U5QB,A1YSYI926BBOHW,https://isabellalv.pythonanywhere.com/mturkImages_sil/gr_pos0005.png,https://isabellalv.pythonanywhere.com/mturkImages_sil/gr_pos0006.png,2 - very different
3K3G488TR2818MAXF8Z4SMZVC4U5QB,A1ZNF81S5LQ6A3,https://isabellalv.pythonanywhere.com/mturkImages_sil/gr_pos0005.png,https://isabellalv.pythonanywhere.com/mturkImages_sil/gr_pos0006.png,7 - mostly similar
3K3G488TR2818MAXF8Z4SMZVC4U5QB,A28AXX4NCWPH1F,https://isabellalv.pythonanywhere.com/mturkImages_sil/gr_pos0005.png,https://isabellalv.pythonanywhere.com/mturkImages_sil/gr_pos0006.png,3 - mostly different
3K3G488TR2818MAXF8Z4SMZVC4U5QB,A2MKIXI9X3HJF4,https://isabellalv.pythonanywhere.com/mturkImages_sil/gr_pos0005.png,https://isabellalv.pythonanywhere.com/mturkImages_sil/gr_pos0006.png,6 - somewhat similar
3K3G488TR2818MAXF8Z4SMZVC4U5QB,ABZF0LWDMH43D,https://isabellalv.pythonanywhere.com/mturkImages_sil/gr_pos0005.png,https://isabellalv.pythonanywhere.com/mturkImages_sil/gr_pos0006.png,4 - somewhat different
3K3G488TR2818MAXF8Z4SMZVC4U5QB,ARI1EMAHUA9PO,https://isabellalv.pythonanywhere.com/mturkImages_sil/gr_pos0005.png,https://isabellalv.pythonanywhere.com/mturkImages_sil/gr_pos0006.png,8 - very similar
3W5PY7V3UP7IONG4VKKS6IL2TE6JYE,A1OYKOGC8W3EO5,https://isabellalv.pythonanywhere.com/mturkImages_sil/cb_pos0002.png,https://isabellalv.pythonanywhere.com/mturkImages_sil/cb_pos0003.png,6 - somewhat similar
3W5PY7V3UP7IONG4VKKS6IL2TE6JYE,A1WY3YGT618GC0,https://isabellalv.pythonanywhere.com/mturkImages_sil/cb_pos0002.png,https://isabellalv.pythonanywhere.com/mturkImages_sil/cb_pos0003.png,6 - somewhat similar
3W5PY7V3UP7IONG4VKKS6IL2TE6JYE,A1Y5WECM370QXW,https://isabellalv.pythonanywhere.com/mturkImages_sil/cb_pos0002.png,https://isabellalv.pythonanywhere.com/mturkImages_sil/cb_pos0003.png,7 - mostly similar
3W5PY7V3UP7IONG4VKKS6IL2TE6JYE,A1YSYI926BBOHW,https://isabellalv.pythonanywhere.com/mturkImages_sil/cb_pos0002.png,https://isabellalv.pythonanywhere.com/mturkImages_sil/cb_pos0003.png,6 - somewhat similar
3W5PY7V3UP7IONG4VKKS6IL2TE6JYE,A1ZNF81S5LQ6A3,https://isabellalv.pythonanywhere.com/mturkImages_sil/cb_pos0002.png,https://isabellalv.pythonanywhere.com/mturkImages_sil/cb_pos0003.png,6 - somewhat similar
3W5PY7V3UP7IONG4VKKS6IL2TE6JYE,A28AXX4NCWPH1F,https://isabellalv.pythonanywhere.com/mturkImages_sil/cb_pos0002.png,https://isabellalv.pythonanywhere.com/mturkImages_sil/cb_pos0003.png,6 - somewhat similar
3W5PY7V3UP7IONG4VKKS6IL2TE6JYE,A2MKIXI9X3HJF4,https://isabellalv.pythonanywhere.com/mturkImages_sil/cb_pos0002.png,https://isabellalv.pythonanywhere.com/mturkImages_sil/cb_pos0003.png,7 - mostly similar
3W5PY7V3UP7IONG4VKKS6IL2TE6JYE,A31WOXRP672UKZ,https://isabellalv.pythonanywhere.com/mturkImages_sil/cb_pos0002.png,https://isabellalv.pythonanywhere.com/mturkImages_sil/cb_pos0003.png,4 - somewhat different
3W5PY7V3UP7IONG4VKKS6IL2TE6JYE,A6KOTWP7N7RLU,https://isabellalv.pythonanywhere.com/mturkImages_sil/cb_pos0002.png,https://isabellalv.pythonanywhere.com/mturkImages_sil/cb_pos0003.png,6 - somewhat similar
3IKDQS3DQE09Q9VTHAH3XQEJDBZCIN,A1GWEENWSTM5Z,https://isabellalv.pythonanywhere.com/mturkImages_sil/tp_pos0002.png,https://isabellalv.pythonanywhere.com/mturkImages_sil/tp_pos0003.png,7 - mostly similar
3IKDQS3DQE09Q9VTHAH3XQEJDBZCIN,A1OYKOGC8W3EO5,https://isabellalv.pythonanywhere.com/mturkImages_sil/tp_pos0002.png,https://isabellalv.pythonanywhere.com/mturkImages_sil/tp_pos0003.png,7 - mostly similar
3IKDQS3DQE09Q9VTHAH3XQEJDBZCIN,A1WY3YGT618GC0,https://isabellalv.pythonanywhere.com/mturkImages_sil/tp_pos0002.png,https://isabellalv.pythonanywhere.com/mturkImages_sil/tp_pos0003.png,8 - very similar
3IKDQS3DQE09Q9VTHAH3XQEJDBZCIN,A1Y5WECM370QXW,https://isabellalv.pythonanywhere.com/mturkImages_sil/tp_pos0002.png,https://isabellalv.pythonanywhere.com/mturkImages_sil/tp_pos0003.png,6 - somewhat similar
3IKDQS3DQE09Q9VTHAH3XQEJDBZCIN,A1YSYI926BBOHW,https://isabellalv.pythonanywhere.com/mturkImages_sil/tp_pos0002.png,https://isabellalv.pythonanywhere.com/mturkImages_sil/tp_pos0003.png,8 - very similar
3IKDQS3DQE09Q9VTHAH3XQEJDBZCIN,A28AXX4NCWPH1F,https://isabellalv.pythonanywhere.com/mturkImages_sil/tp_pos0002.png,https://isabellalv.pythonanywhere.com/mturkImages_sil/tp_pos0003.png,8 - very similar
3IKDQS3DQE09Q9VTHAH3XQEJDBZCIN,A2MKIXI9X3HJF4,https://isabellalv.pythonanywhere.com/mturkImages_sil/tp_pos0002.png,https://isabellalv.pythonanywhere.com/mturkImages_sil/tp_pos0003.png,9 - extremely similar
3IKDQS3DQE09Q9VTHAH3XQEJDBZCIN,A2R25RH05K0B68,https://isabellalv.pythonanywhere.com/mturkImages_sil/tp_pos0002.png,https://isabellalv.pythonanywhere.com/mturkImages_sil/tp_pos0003.png,8 - very similar
3IKDQS3DQE09Q9VTHAH3XQEJDBZCIN,A2ZYUU30WYDYI0,https://isabellalv.pythonanywhere.com/mturkImages_sil/tp_pos0002.png,https://isabellalv.pythonanywhere.com/mturkImages_sil/tp_pos0003.png,7 - mostly similar
3VI0PC2ZAYK7PTHR61QVV0VFQ2LXO4,A1OYKOGC8W3EO5,https://isabellalv.pythonanywhere.com/mturkImages_sil/ca_pos0008.png,https://isabellalv.pythonanywhere.com/mturkImages_sil/ca_pos0009.png,7 - mostly similar
3VI0PC2ZAYK7PTHR61QVV0VFQ2LXO4,A1UET5TMTVSOC1,https://isabellalv.pythonanywhere.com/mturkImages_sil/ca_pos0008.png,https://isabellalv.pythonanywhere.com/mturkImages_sil/ca_pos0009.png,7 - mostly similar
3VI0PC2ZAYK7PTHR61QVV0VFQ2LXO4,A1WVN0IYEVC5HU,https://isabellalv.pythonanywhere.com/mturkImages_sil/ca_pos0008.png,https://isabellalv.pythonanywhere.com/mturkImages_sil/ca_pos0009.png,8 - very similar
3VI0PC2ZAYK7PTHR61QVV0VFQ2LXO4,A1WY3YGT618GC0,https://isabellalv.pythonanywhere.com/mturkImages_sil/ca_pos0008.png,https://isabellalv.pythonanywhere.com/mturkImages_sil/ca_pos0009.png,8 - very similar
3VI0PC2ZAYK7PTHR61QVV0VFQ2LXO4,A1Y5WECM370QXW,https://isabellalv.pythonanywhere.com/mturkImages_sil/ca_pos0008.png,https://isabellalv.pythonanywhere.com/mturkImages_sil/ca_pos0009.png,5 - neither different nor similar
3VI0PC2ZAYK7PTHR61QVV0VFQ2LXO4,A1YSYI926BBOHW,https://isabellalv.pythonanywhere.com/mturkImages_sil/ca_pos0008.png,https://isabellalv.pythonanywhere.com/mturkImages_sil/ca_pos0009.png,8 - very similar
3VI0PC2ZAYK7PTHR61QVV0VFQ2LXO4,A1ZNF81S5LQ6A3,https://isabellalv.pythonanywhere.com/mturkImages_sil/ca_pos0008.png,https://isabellalv.pythonanywhere.com/mturkImages_sil/ca_pos0009.png,7 - mostly similar
3VI0PC2ZAYK7PTHR61QVV0VFQ2LXO4,A28AXX4NCWPH1F,https://isabellalv.pythonanywhere.com/mturkImages_sil/ca_pos0008.png,https://isabellalv.pythonanywhere.com/mturkImages_sil/ca_pos0009.png,6 - somewhat similar
3VI0PC2ZAYK7PTHR61QVV0VFQ2LXO4,A2MKIXI9X3HJF4,https://isabellalv.pythonanywhere.com/mturkImages_sil/ca_pos0008.png,https://isabellalv.pythonanywhere.com/mturkImages_sil/ca_pos0009.png,8 - very similar
3V0TR1NRVA2RPNZGC7J8XUEC8QDA44,A1OYKOGC8W3EO5,https://isabellalv.pythonanywhere.com/mturkImages_sil/cb_pos0007.png,https://isabellalv.pythonanywhere.com/mturkImages_sil/cb_pos0008.png,8 - very similar
3V0TR1NRVA2RPNZGC7J8XUEC8QDA44,A1WY3YGT618GC0,https://isabellalv.pythonanywhere.com/mturkImages_sil/cb_pos0007.png,https://isabellalv.pythonanywhere.com/mturkImages_sil/cb_pos0008.png,8 - very similar
3V0TR1NRVA2RPNZGC7J8XUEC8QDA44,A1Y5WECM370QXW,https://isabellalv.pythonanywhere.com/mturkImages_sil/cb_pos0007.png,https://isabellalv.pythonanywhere.com/mturkImages_sil/cb_pos0008.png,8 - very similar
3V0TR1NRVA2RPNZGC7J8XUEC8QDA44,A1YSYI926BBOHW,https://isabellalv.pythonanywhere.com/mturkImages_sil/cb_pos0007.png,https://isabellalv.pythonanywhere.com/mturkImages_sil/cb_pos0008.png,8 - very similar
3V0TR1NRVA2RPNZGC7J8XUEC8QDA44,A28AXX4NCWPH1F,https://isabellalv.pythonanywhere.com/mturkImages_sil/cb_pos0007.png,https://isabellalv.pythonanywhere.com/mturkImages_sil/cb_pos0008.png,7 - mostly similar
3V0TR1NRVA2RPNZGC7J8XUEC8QDA44,A2C3TRGUJV8HRL,https://isabellalv.pythonanywhere.com/mturkImages_sil/cb_pos0007.png,https://isabellalv.pythonanywhere.com/mturkImages_sil/cb_pos0008.png,2 - very different
3V0TR1NRVA2RPNZGC7J8XUEC8QDA44,A31WOXRP672UKZ,https://isabellalv.pythonanywhere.com/mturkImages_sil/cb_pos0007.png,https://isabellalv.pythonanywhere.com/mturkImages_sil/cb_pos0008.png,4 - somewhat different
3V0TR1NRVA2RPNZGC7J8XUEC8QDA44,A3F51C49T9A34D,https://isabellalv.pythonanywhere.com/mturkImages_sil/cb_pos0007.png,https://isabellalv.pythonanywhere.com/mturkImages_sil/cb_pos0008.png,7 - mostly similar
3V0TR1NRVA2RPNZGC7J8XUEC8QDA44,A3VDG4N48AVYGQ,https://isabellalv.pythonanywhere.com/mturkImages_sil/cb_pos0007.png,https://isabellalv.pythonanywhere.com/mturkImages_sil/cb_pos0008.png,8 - very similar
3L60IFZKF3I0BMVPXKDJ85AKQQPHH8,A1OYKOGC8W3EO5,https://isabellalv.pythonanywhere.com/mturkImages_sil/ca_pos0005.png,https://isabellalv.pythonanywhere.com/mturkImages_sil/ca_pos0006.png,7 - mostly similar
3L60IFZKF3I0BMVPXKDJ85AKQQPHH8,A1WY3YGT618GC0,https://isabellalv.pythonanywhere.com/mturkImages_sil/ca_pos0005.png,https://isabellalv.pythonanywhere.com/mturkImages_sil/ca_pos0006.png,7 - mostly similar
3L60IFZKF3I0BMVPXKDJ85AKQQPHH8,A1Y5WECM370QXW,https://isabellalv.pythonanywhere.com/mturkImages_sil/ca_pos0005.png,https://isabellalv.pythonanywhere.com/mturkImages_sil/ca_pos0006.png,8 - very similar
3L60IFZKF3I0BMVPXKDJ85AKQQPHH8,A1YSYI926BBOHW,https://isabellalv.pythonanywhere.com/mturkImages_sil/ca_pos0005.png,https://isabellalv.pythonanywhere.com/mturkImages_sil/ca_pos0006.png,7 - mostly similar
3L60IFZKF3I0BMVPXKDJ85AKQQPHH8,A28AXX4NCWPH1F,https://isabellalv.pythonanywhere.com/mturkImages_sil/ca_pos0005.png,https://isabellalv.pythonanywhere.com/mturkImages_sil/ca_pos0006.png,4 - somewhat different
3L60IFZKF3I0BMVPXKDJ85AKQQPHH8,A2IL0BZ462ZPFD,https://isabellalv.pythonanywhere.com/mturkImages_sil/ca_pos0005.png,https://isabellalv.pythonanywhere.com/mturkImages_sil/ca_pos0006.png,7 - mostly similar
3L60IFZKF3I0BMVPXKDJ85AKQQPHH8,A304UJAE051J89,https://isabellalv.pythonanywhere.com/mturkImages_sil/ca_pos0005.png,https://isabellalv.pythonanywhere.com/mturkImages_sil/ca_pos0006.png,6 - somewhat similar
3L60IFZKF3I0BMVPXKDJ85AKQQPHH8,A30MP4LXV4MIFD,https://isabellalv.pythonanywhere.com/mturkImages_sil/ca_pos0005.png,https://isabellalv.pythonanywhere.com/mturkImages_sil/ca_pos0006.png,8 - very similar
3L60IFZKF3I0BMVPXKDJ85AKQQPHH8,A6KOTWP7N7RLU,https://isabellalv.pythonanywhere.com/mturkImages_sil/ca_pos0005.png,https://isabellalv.pythonanywhere.com/mturkImages_sil/ca_pos0006.png,8 - very similar
3Y3CZJSZ9KT1KNPXSNO4XC908QW5RC,A10AVWALIHR4UQ,https://isabellalv.pythonanywhere.com/mturkImages_sil/tp_pos0007.png,https://isabellalv.pythonanywhere.com/mturkImages_sil/tp_pos0008.png,4 - somewhat different
3Y3CZJSZ9KT1KNPXSNO4XC908QW5RC,A1OYKOGC8W3EO5,https://isabellalv.pythonanywhere.com/mturkImages_sil/tp_pos0007.png,https://isabellalv.pythonanywhere.com/mturkImages_sil/tp_pos0008.png,7 - mostly similar
3Y3CZJSZ9KT1KNPXSNO4XC908QW5RC,A1WY3YGT618GC0,https://isabellalv.pythonanywhere.com/mturkImages_sil/tp_pos0007.png,https://isabellalv.pythonanywhere.com/mturkImages_sil/tp_pos0008.png,4 - somewhat different
3Y3CZJSZ9KT1KNPXSNO4XC908QW5RC,A1Y5WECM370QXW,https://isabellalv.pythonanywhere.com/mturkImages_sil/tp_pos0007.png,https://isabellalv.pythonanywhere.com/mturkImages_sil/tp_pos0008.png,6 - somewhat similar
3Y3CZJSZ9KT1KNPXSNO4XC908QW5RC,A1YSYI926BBOHW,https://isabellalv.pythonanywhere.com/mturkImages_sil/tp_pos0007.png,https://isabellalv.pythonanywhere.com/mturkImages_sil/tp_pos0008.png,7 - mostly similar
3Y3CZJSZ9KT1KNPXSNO4XC908QW5RC,A28AXX4NCWPH1F,https://isabellalv.pythonanywhere.com/mturkImages_sil/tp_pos0007.png,https://isabellalv.pythonanywhere.com/mturkImages_sil/tp_pos0008.png,6 - somewhat similar
3Y3CZJSZ9KT1KNPXSNO4XC908QW5RC,A31WOXRP672UKZ,https://isabellalv.pythonanywhere.com/mturkImages_sil/tp_pos0007.png,https://isabellalv.pythonanywhere.com/mturkImages_sil/tp_pos0008.png,5 - neither different nor similar
3Y3CZJSZ9KT1KNPXSNO4XC908QW5RC,A347RDI3HZOUCY,https://isabellalv.pythonanywhere.com/mturkImages_sil/tp_pos0007.png,https://isabellalv.pythonanywhere.com/mturkImages_sil/tp_pos0008.png,7 - mostly similar
3Y3CZJSZ9KT1KNPXSNO4XC908QW5RC,A80WPJSYIU9LT,https://isabellalv.pythonanywhere.com/mturkImages_sil/tp_pos0007.png,https://isabellalv.pythonanywhere.com/mturkImages_sil/tp_pos0008.png,4 - somewhat different
3G9UA71JVVUZ93K38BUST515PFX7J1,A1WY3YGT618GC0,https://isabellalv.pythonanywhere.com/mturkImages_sil/ca_pos0001.png,https://isabellalv.pythonanywhere.com/mturkImages_sil/ca_pos0002.png,4 - somewhat different
3G9UA71JVVUZ93K38BUST515PFX7J1,A1Y5WECM370QXW,https://isabellalv.pythonanywhere.com/mturkImages_sil/ca_pos0001.png,https://isabellalv.pythonanywhere.com/mturkImages_sil/ca_pos0002.png,7 - mostly similar
3G9UA71JVVUZ93K38BUST515PFX7J1,A1YSYI926BBOHW,https://isabellalv.pythonanywhere.com/mturkImages_sil/ca_pos0001.png,https://isabellalv.pythonanywhere.com/mturkImages_sil/ca_pos0002.png,6 - somewhat similar
3G9UA71JVVUZ93K38BUST515PFX7J1,A28AXX4NCWPH1F,https://isabellalv.pythonanywhere.com/mturkImages_sil/ca_pos0001.png,https://isabellalv.pythonanywhere.com/mturkImages_sil/ca_pos0002.png,3 - mostly different
3G9UA71JVVUZ93K38BUST515PFX7J1,A29WPNEZAGV93E,https://isabellalv.pythonanywhere.com/mturkImages_sil/ca_pos0001.png,https://isabellalv.pythonanywhere.com/mturkImages_sil/ca_pos0002.png,6 - somewhat similar
3G9UA71JVVUZ93K38BUST515PFX7J1,A2J9NFY45NKR2N,https://isabellalv.pythonanywhere.com/mturkImages_sil/ca_pos0001.png,https://isabellalv.pythonanywhere.com/mturkImages_sil/ca_pos0002.png,2 - very different
3G9UA71JVVUZ93K38BUST515PFX7J1,A31WOXRP672UKZ,https://isabellalv.pythonanywhere.com/mturkImages_sil/ca_pos0001.png,https://isabellalv.pythonanywhere.com/mturkImages_sil/ca_pos0002.png,2 - very different
3G9UA71JVVUZ93K38BUST515PFX7J1,A6KOTWP7N7RLU,https://isabellalv.pythonanywhere.com/mturkImages_sil/ca_pos0001.png,https://isabellalv.pythonanywhere.com/mturkImages_sil/ca_pos0002.png,7 - mostly similar
3G9UA71JVVUZ93K38BUST515PFX7J1,ABZF0LWDMH43D,https://isabellalv.pythonanywhere.com/mturkImages_sil/ca_pos0001.png,https://isabellalv.pythonanywhere.com/mturkImages_sil/ca_pos0002.png,4 - somewhat different
3SD15I2WD2U5KP49MGXD7KKKY7R36M,A17FGZ1I5P9RZA,https://isabellalv.pythonanywhere.com/mturkImages_sil/cb_pos0001.png,https://isabellalv.pythonanywhere.com/mturkImages_sil/cb_pos0002.png,7 - mostly similar
3SD15I2WD2U5KP49MGXD7KKKY7R36M,A1OYKOGC8W3EO5,https://isabellalv.pythonanywhere.com/mturkImages_sil/cb_pos0001.png,https://isabellalv.pythonanywhere.com/mturkImages_sil/cb_pos0002.png,6 - somewhat similar
3SD15I2WD2U5KP49MGXD7KKKY7R36M,A1TREN23A21R5Z,https://isabellalv.pythonanywhere.com/mturkImages_sil/cb_pos0001.png,https://isabellalv.pythonanywhere.com/mturkImages_sil/cb_pos0002.png,7 - mostly similar
3SD15I2WD2U5KP49MGXD7KKKY7R36M,A1WY3YGT618GC0,https://isabellalv.pythonanywhere.com/mturkImages_sil/cb_pos0001.png,https://isabellalv.pythonanywhere.com/mturkImages_sil/cb_pos0002.png,3 - mostly different
3SD15I2WD2U5KP49MGXD7KKKY7R36M,A1Y5WECM370QXW,https://isabellalv.pythonanywhere.com/mturkImages_sil/cb_pos0001.png,https://isabellalv.pythonanywhere.com/mturkImages_sil/cb_pos0002.png,4 - somewhat different
3SD15I2WD2U5KP49MGXD7KKKY7R36M,A1YSYI926BBOHW,https://isabellalv.pythonanywhere.com/mturkImages_sil/cb_pos0001.png,https://isabellalv.pythonanywhere.com/mturkImages_sil/cb_pos0002.png,3 - mostly different
3SD15I2WD2U5KP49MGXD7KKKY7R36M,A1ZNF81S5LQ6A3,https://isabellalv.pythonanywhere.com/mturkImages_sil/cb_pos0001.png,https://isabellalv.pythonanywhere.com/mturkImages_sil/cb_pos0002.png,7 - mostly similar
3SD15I2WD2U5KP49MGXD7KKKY7R36M,A28AXX4NCWPH1F,https://isabellalv.pythonanywhere.com/mturkImages_sil/cb_pos0001.png,https://isabellalv.pythonanywhere.com/mturkImages_sil/cb_pos0002.png,1 - extremely different
3SD15I2WD2U5KP49MGXD7KKKY7R36M,AJ9IY4IHOGB8,https://isabellalv.pythonanywhere.com/mturkImages_sil/cb_pos0001.png,https://isabellalv.pythonanywhere.com/mturkImages_sil/cb_pos0002.png,5 - neither different nor similar
3EQPA8A374WITDQ9R6MBKPU4Z8AJZ5,A1OYKOGC8W3EO5,https://isabellalv.pythonanywhere.com/mturkImages_sil/gr_pos0001.png,https://isabellalv.pythonanywhere.com/mturkImages_sil/gr_pos0002.png,7 - mostly similar
3EQPA8A374WITDQ9R6MBKPU4Z8AJZ5,A1TREN23A21R5Z,https://isabellalv.pythonanywhere.com/mturkImages_sil/gr_pos0001.png,https://isabellalv.pythonanywhere.com/mturkImages_sil/gr_pos0002.png,5 - neither different nor similar
3EQPA8A374WITDQ9R6MBKPU4Z8AJZ5,A1WY3YGT618GC0,https://isabellalv.pythonanywhere.com/mturkImages_sil/gr_pos0001.png,https://isabellalv.pythonanywhere.com/mturkImages_sil/gr_pos0002.png,4 - somewhat different
3EQPA8A374WITDQ9R6MBKPU4Z8AJZ5,A1Y5WECM370QXW,https://isabellalv.pythonanywhere.com/mturkImages_sil/gr_pos0001.png,https://isabellalv.pythonanywhere.com/mturkImages_sil/gr_pos0002.png,6 - somewhat similar
3EQPA8A374WITDQ9R6MBKPU4Z8AJZ5,A1YSYI926BBOHW,https://isabellalv.pythonanywhere.com/mturkImages_sil/gr_pos0001.png,https://isabellalv.pythonanywhere.com/mturkImages_sil/gr_pos0002.png,2 - very different
3EQPA8A374WITDQ9R6MBKPU4Z8AJZ5,A28AXX4NCWPH1F,https://isabellalv.pythonanywhere.com/mturkImages_sil/gr_pos0001.png,https://isabellalv.pythonanywhere.com/mturkImages_sil/gr_pos0002.png,3 - mostly different
3EQPA8A374WITDQ9R6MBKPU4Z8AJZ5,A2MKIXI9X3HJF4,https://isabellalv.pythonanywhere.com/mturkImages_sil/gr_pos0001.png,https://isabellalv.pythonanywhere.com/mturkImages_sil/gr_pos0002.png,4 - somewhat different
3EQPA8A374WITDQ9R6MBKPU4Z8AJZ5,A31WOXRP672UKZ,https://isabellalv.pythonanywhere.com/mturkImages_sil/gr_pos0001.png,https://isabellalv.pythonanywhere.com/mturkImages_sil/gr_pos0002.png,5 - neither different nor similar
3EQPA8A374WITDQ9R6MBKPU4Z8AJZ5,ABZF0LWDMH43D,https://isabellalv.pythonanywhere.com/mturkImages_sil/gr_pos0001.png,https://isabellalv.pythonanywhere.com/mturkImages_sil/gr_pos0002.png,4 - somewhat different
3IYI9285WS05LKFZZS239RTJQQOCJZ,A10AVWALIHR4UQ,https://isabellalv.pythonanywhere.com/mturkImages_sil/cb_pos0005.png,https://isabellalv.pythonanywhere.com/mturkImages_sil/cb_pos0006.png,4 - somewhat different
3IYI9285WS05LKFZZS239RTJQQOCJZ,A1OYKOGC8W3EO5,https://isabellalv.pythonanywhere.com/mturkImages_sil/cb_pos0005.png,https://isabellalv.pythonanywhere.com/mturkImages_sil/cb_pos0006.png,7 - mostly similar
3IYI9285WS05LKFZZS239RTJQQOCJZ,A1WVN0IYEVC5HU,https://isabellalv.pythonanywhere.com/mturkImages_sil/cb_pos0005.png,https://isabellalv.pythonanywhere.com/mturkImages_sil/cb_pos0006.png,2 - very different
3IYI9285WS05LKFZZS239RTJQQOCJZ,A1WY3YGT618GC0,https://isabellalv.pythonanywhere.com/mturkImages_sil/cb_pos0005.png,https://isabellalv.pythonanywhere.com/mturkImages_sil/cb_pos0006.png,3 - mostly different
3IYI9285WS05LKFZZS239RTJQQOCJZ,A1Y5WECM370QXW,https://isabellalv.pythonanywhere.com/mturkImages_sil/cb_pos0005.png,https://isabellalv.pythonanywhere.com/mturkImages_sil/cb_pos0006.png,4 - somewhat different
3IYI9285WS05LKFZZS239RTJQQOCJZ,A1YSYI926BBOHW,https://isabellalv.pythonanywhere.com/mturkImages_sil/cb_pos0005.png,https://isabellalv.pythonanywhere.com/mturkImages_sil/cb_pos0006.png,4 - somewhat different
3IYI9285WS05LKFZZS239RTJQQOCJZ,A28AXX4NCWPH1F,https://isabellalv.pythonanywhere.com/mturkImages_sil/cb_pos0005.png,https://isabellalv.pythonanywhere.com/mturkImages_sil/cb_pos0006.png,6 - somewhat similar
3IYI9285WS05LKFZZS239RTJQQOCJZ,A31WOXRP672UKZ,https://isabellalv.pythonanywhere.com/mturkImages_sil/cb_pos0005.png,https://isabellalv.pythonanywhere.com/mturkImages_sil/cb_pos0006.png,4 - somewhat different
3IYI9285WS05LKFZZS239RTJQQOCJZ,ABZF0LWDMH43D,https://isabellalv.pythonanywhere.com/mturkImages_sil/cb_pos0005.png,https://isabellalv.pythonanywhere.com/mturkImages_sil/cb_pos0006.png,3 - mostly different
3NSCTNUR2ZN9L63GQC2I2MKQ8M8A59,A1GWEENWSTM5Z,https://isabellalv.pythonanywhere.com/mturkImages_sil/cb_pos0004.png,https://isabellalv.pythonanywhere.com/mturkImages_sil/cb_pos0005.png,4 - somewhat different
3NSCTNUR2ZN9L63GQC2I2MKQ8M8A59,A1OYKOGC8W3EO5,https://isabellalv.pythonanywhere.com/mturkImages_sil/cb_pos0004.png,https://isabellalv.pythonanywhere.com/mturkImages_sil/cb_pos0005.png,7 - mostly similar
3NSCTNUR2ZN9L63GQC2I2MKQ8M8A59,A1R8A8BK2VN7RH,https://isabellalv.pythonanywhere.com/mturkImages_sil/cb_pos0004.png,https://isabellalv.pythonanywhere.com/mturkImages_sil/cb_pos0005.png,6 - somewhat similar
3NSCTNUR2ZN9L63GQC2I2MKQ8M8A59,A1WY3YGT618GC0,https://isabellalv.pythonanywhere.com/mturkImages_sil/cb_pos0004.png,https://isabellalv.pythonanywhere.com/mturkImages_sil/cb_pos0005.png,7 - mostly similar
3NSCTNUR2ZN9L63GQC2I2MKQ8M8A59,A1Y5WECM370QXW,https://isabellalv.pythonanywhere.com/mturkImages_sil/cb_pos0004.png,https://isabellalv.pythonanywhere.com/mturkImages_sil/cb_pos0005.png,5 - neither different nor similar
3NSCTNUR2ZN9L63GQC2I2MKQ8M8A59,A1YSYI926BBOHW,https://isabellalv.pythonanywhere.com/mturkImages_sil/cb_pos0004.png,https://isabellalv.pythonanywhere.com/mturkImages_sil/cb_pos0005.png,6 - somewhat similar
3NSCTNUR2ZN9L63GQC2I2MKQ8M8A59,A1ZNF81S5LQ6A3,https://isabellalv.pythonanywhere.com/mturkImages_sil/cb_pos0004.png,https://isabellalv.pythonanywhere.com/mturkImages_sil/cb_pos0005.png,3 - mostly different
3NSCTNUR2ZN9L63GQC2I2MKQ8M8A59,A28AXX4NCWPH1F,https://isabellalv.pythonanywhere.com/mturkImages_sil/cb_pos0004.png,https://isabellalv.pythonanywhere.com/mturkImages_sil/cb_pos0005.png,6 - somewhat similar
3NSCTNUR2ZN9L63GQC2I2MKQ8M8A59,A6KOTWP7N7RLU,https://isabellalv.pythonanywhere.com/mturkImages_sil/cb_pos0004.png,https://isabellalv.pythonanywhere.com/mturkImages_sil/cb_pos0005.png,8 - very similar
3W31J70BASW0W4LHHD2FA6TW5FOCKY,A1UET5TMTVSOC1,https://isabellalv.pythonanywhere.com/mturkImages_sil/tp_pos0005.png,https://isabellalv.pythonanywhere.com/mturkImages_sil/tp_pos0006.png,6 - somewhat similar
3W31J70BASW0W4LHHD2FA6TW5FOCKY,A1WVN0IYEVC5HU,https://isabellalv.pythonanywhere.com/mturkImages_sil/tp_pos0005.png,https://isabellalv.pythonanywhere.com/mturkImages_sil/tp_pos0006.png,3 - mostly different
3W31J70BASW0W4LHHD2FA6TW5FOCKY,A1WY3YGT618GC0,https://isabellalv.pythonanywhere.com/mturkImages_sil/tp_pos0005.png,https://isabellalv.pythonanywhere.com/mturkImages_sil/tp_pos0006.png,4 - somewhat different
3W31J70BASW0W4LHHD2FA6TW5FOCKY,A1Y5WECM370QXW,https://isabellalv.pythonanywhere.com/mturkImages_sil/tp_pos0005.png,https://isabellalv.pythonanywhere.com/mturkImages_sil/tp_pos0006.png,3 - mostly different
3W31J70BASW0W4LHHD2FA6TW5FOCKY,A1YSYI926BBOHW,https://isabellalv.pythonanywhere.com/mturkImages_sil/tp_pos0005.png,https://isabellalv.pythonanywhere.com/mturkImages_sil/tp_pos0006.png,4 - somewhat different
3W31J70BASW0W4LHHD2FA6TW5FOCKY,A28AXX4NCWPH1F,https://isabellalv.pythonanywhere.com/mturkImages_sil/tp_pos0005.png,https://isabellalv.pythonanywhere.com/mturkImages_sil/tp_pos0006.png,4 - somewhat different
3W31J70BASW0W4LHHD2FA6TW5FOCKY,A2MKIXI9X3HJF4,https://isabellalv.pythonanywhere.com/mturkImages_sil/tp_pos0005.png,https://isabellalv.pythonanywhere.com/mturkImages_sil/tp_pos0006.png,7 - mostly similar
3W31J70BASW0W4LHHD2FA6TW5FOCKY,A2WPHVMLLEV5ZB,https://isabellalv.pythonanywhere.com/mturkImages_sil/tp_pos0005.png,https://isabellalv.pythonanywhere.com/mturkImages_sil/tp_pos0006.png,6 - somewhat similar
3W31J70BASW0W4LHHD2FA6TW5FOCKY,A31WOXRP672UKZ,https://isabellalv.pythonanywhere.com/mturkImages_sil/tp_pos0005.png,https://isabellalv.pythonanywhere.com/mturkImages_sil/tp_pos0006.png,6 - somewhat similar
3BFNCI9LYKQOOPIE5Q25DYKGTIB37L,A1WY3YGT618GC0,https://isabellalv.pythonanywhere.com/mturkImages_sil/ca_pos0003.png,https://isabellalv.pythonanywhere.com/mturkImages_sil/ca_pos0004.png,6 - somewhat similar
3BFNCI9LYKQOOPIE5Q25DYKGTIB37L,A1Y5WECM370QXW,https://isabellalv.pythonanywhere.com/mturkImages_sil/ca_pos0003.png,https://isabellalv.pythonanywhere.com/mturkImages_sil/ca_pos0004.png,5 - neither different nor similar
3BFNCI9LYKQOOPIE5Q25DYKGTIB37L,A1YSYI926BBOHW,https://isabellalv.pythonanywhere.com/mturkImages_sil/ca_pos0003.png,https://isabellalv.pythonanywhere.com/mturkImages_sil/ca_pos0004.png,7 - mostly similar
3BFNCI9LYKQOOPIE5Q25DYKGTIB37L,A28AXX4NCWPH1F,https://isabellalv.pythonanywhere.com/mturkImages_sil/ca_pos0003.png,https://isabellalv.pythonanywhere.com/mturkImages_sil/ca_pos0004.png,6 - somewhat similar
3BFNCI9LYKQOOPIE5Q25DYKGTIB37L,A2C3TRGUJV8HRL,https://isabellalv.pythonanywhere.com/mturkImages_sil/ca_pos0003.png,https://isabellalv.pythonanywhere.com/mturkImages_sil/ca_pos0004.png,5 - neither different nor similar
3BFNCI9LYKQOOPIE5Q25DYKGTIB37L,A2J9NFY45NKR2N,https://isabellalv.pythonanywhere.com/mturkImages_sil/ca_pos0003.png,https://isabellalv.pythonanywhere.com/mturkImages_sil/ca_pos0004.png,4 - somewhat different
3BFNCI9LYKQOOPIE5Q25DYKGTIB37L,A2MKIXI9X3HJF4,https://isabellalv.pythonanywhere.com/mturkImages_sil/ca_pos0003.png,https://isabellalv.pythonanywhere.com/mturkImages_sil/ca_pos0004.png,8 - very similar
3BFNCI9LYKQOOPIE5Q25DYKGTIB37L,A31WOXRP672UKZ,https://isabellalv.pythonanywhere.com/mturkImages_sil/ca_pos0003.png,https://isabellalv.pythonanywhere.com/mturkImages_sil/ca_pos0004.png,6 - somewhat similar
3BFNCI9LYKQOOPIE5Q25DYKGTIB37L,A3Q4EPB9AFMXIR,https://isabellalv.pythonanywhere.com/mturkImages_sil/ca_pos0003.png,https://isabellalv.pythonanywhere.com/mturkImages_sil/ca_pos0004.png,7 - mostly similar
34XASH8KLQMEGHUO7U119JK7T3YMPR,A1OYKOGC8W3EO5,https://isabellalv.pythonanywhere.com/mturkImages_sil/gr_pos0007.png,https://isabellalv.pythonanywhere.com/mturkImages_sil/gr_pos0008.png,6 - somewhat similar
34XASH8KLQMEGHUO7U119JK7T3YMPR,A1WY3YGT618GC0,https://isabellalv.pythonanywhere.com/mturkImages_sil/gr_pos0007.png,https://isabellalv.pythonanywhere.com/mturkImages_sil/gr_pos0008.png,6 - somewhat similar
34XASH8KLQMEGHUO7U119JK7T3YMPR,A1Y5WECM370QXW,https://isabellalv.pythonanywhere.com/mturkImages_sil/gr_pos0007.png,https://isabellalv.pythonanywhere.com/mturkImages_sil/gr_pos0008.png,8 - very similar
34XASH8KLQMEGHUO7U119JK7T3YMPR,A1YSYI926BBOHW,https://isabellalv.pythonanywhere.com/mturkImages_sil/gr_pos0007.png,https://isabellalv.pythonanywhere.com/mturkImages_sil/gr_pos0008.png,7 - mostly similar
34XASH8KLQMEGHUO7U119JK7T3YMPR,A2MKIXI9X3HJF4,https://isabellalv.pythonanywhere.com/mturkImages_sil/gr_pos0007.png,https://isabellalv.pythonanywhere.com/mturkImages_sil/gr_pos0008.png,7 - mostly similar
34XASH8KLQMEGHUO7U119JK7T3YMPR,A2WPHVMLLEV5ZB,https://isabellalv.pythonanywhere.com/mturkImages_sil/gr_pos0007.png,https://isabellalv.pythonanywhere.com/mturkImages_sil/gr_pos0008.png,6 - somewhat similar
34XASH8KLQMEGHUO7U119JK7T3YMPR,A6KOTWP7N7RLU,https://isabellalv.pythonanywhere.com/mturkImages_sil/gr_pos0007.png,https://isabellalv.pythonanywhere.com/mturkImages_sil/gr_pos0008.png,8 - very similar
34XASH8KLQMEGHUO7U119JK7T3YMPR,ABZF0LWDMH43D,https://isabellalv.pythonanywhere.com/mturkImages_sil/gr_pos0007.png,https://isabellalv.pythonanywhere.com/mturkImages_sil/gr_pos0008.png,6 - somewhat similar
34XASH8KLQMEGHUO7U119JK7T3YMPR,ATK30MDF2TDWM,https://isabellalv.pythonanywhere.com/mturkImages_sil/gr_pos0007.png,https://isabellalv.pythonanywhere.com/mturkImages_sil/gr_pos0008.png,4 - somewhat different
3FBEFUUYRK554A3UVVCNUSYQ4HJA6P,A1OYKOGC8W3EO5,https://isabellalv.pythonanywhere.com/mturkImages_sil/ca_pos0004.png,https://isabellalv.pythonanywhere.com/mturkImages_sil/ca_pos0005.png,7 - mostly similar
3FBEFUUYRK554A3UVVCNUSYQ4HJA6P,A1WY3YGT618GC0,https://isabellalv.pythonanywhere.com/mturkImages_sil/ca_pos0004.png,https://isabellalv.pythonanywhere.com/mturkImages_sil/ca_pos0005.png,4 - somewhat different
3FBEFUUYRK554A3UVVCNUSYQ4HJA6P,A1Y5WECM370QXW,https://isabellalv.pythonanywhere.com/mturkImages_sil/ca_pos0004.png,https://isabellalv.pythonanywhere.com/mturkImages_sil/ca_pos0005.png,7 - mostly similar
3FBEFUUYRK554A3UVVCNUSYQ4HJA6P,A1YSYI926BBOHW,https://isabellalv.pythonanywhere.com/mturkImages_sil/ca_pos0004.png,https://isabellalv.pythonanywhere.com/mturkImages_sil/ca_pos0005.png,8 - very similar
3FBEFUUYRK554A3UVVCNUSYQ4HJA6P,A28AXX4NCWPH1F,https://isabellalv.pythonanywhere.com/mturkImages_sil/ca_pos0004.png,https://isabellalv.pythonanywhere.com/mturkImages_sil/ca_pos0005.png,6 - somewhat similar
3FBEFUUYRK554A3UVVCNUSYQ4HJA6P,A2MKIXI9X3HJF4,https://isabellalv.pythonanywhere.com/mturkImages_sil/ca_pos0004.png,https://isabellalv.pythonanywhere.com/mturkImages_sil/ca_pos0005.png,8 - very similar
3FBEFUUYRK554A3UVVCNUSYQ4HJA6P,A3Q4EPB9AFMXIR,https://isabellalv.pythonanywhere.com/mturkImages_sil/ca_pos0004.png,https://isabellalv.pythonanywhere.com/mturkImages_sil/ca_pos0005.png,8 - very similar
3FBEFUUYRK554A3UVVCNUSYQ4HJA6P,A6KOTWP7N7RLU,https://isabellalv.pythonanywhere.com/mturkImages_sil/ca_pos0004.png,https://isabellalv.pythonanywhere.com/mturkImages_sil/ca_pos0005.png,8 - very similar
3FBEFUUYRK554A3UVVCNUSYQ4HJA6P,A80WPJSYIU9LT,https://isabellalv.pythonanywhere.com/mturkImages_sil/ca_pos0004.png,https://isabellalv.pythonanywhere.com/mturkImages_sil/ca_pos0005.png,8 - very similar
3XEDXEGFX3OG2CQ15X9VF5RVWQRK0D,A1NZL24IHHG6AO,https://isabellalv.pythonanywhere.com/mturkImages_sil/gr_pos0003.png,https://isabellalv.pythonanywhere.com/mturkImages_sil/gr_pos0004.png,7 - mostly similar
3XEDXEGFX3OG2CQ15X9VF5RVWQRK0D,A1OYKOGC8W3EO5,https://isabellalv.pythonanywhere.com/mturkImages_sil/gr_pos0003.png,https://isabellalv.pythonanywhere.com/mturkImages_sil/gr_pos0004.png,7 - mostly similar
3XEDXEGFX3OG2CQ15X9VF5RVWQRK0D,A1TREN23A21R5Z,https://isabellalv.pythonanywhere.com/mturkImages_sil/gr_pos0003.png,https://isabellalv.pythonanywhere.com/mturkImages_sil/gr_pos0004.png,7 - mostly similar
3XEDXEGFX3OG2CQ15X9VF5RVWQRK0D,A1WY3YGT618GC0,https://isabellalv.pythonanywhere.com/mturkImages_sil/gr_pos0003.png,https://isabellalv.pythonanywhere.com/mturkImages_sil/gr_pos0004.png,6 - somewhat similar
3XEDXEGFX3OG2CQ15X9VF5RVWQRK0D,A1Y5WECM370QXW,https://isabellalv.pythonanywhere.com/mturkImages_sil/gr_pos0003.png,https://isabellalv.pythonanywhere.com/mturkImages_sil/gr_pos0004.png,6 - somewhat similar
3XEDXEGFX3OG2CQ15X9VF5RVWQRK0D,A1YSYI926BBOHW,https://isabellalv.pythonanywhere.com/mturkImages_sil/gr_pos0003.png,https://isabellalv.pythonanywhere.com/mturkImages_sil/gr_pos0004.png,6 - somewhat similar
3XEDXEGFX3OG2CQ15X9VF5RVWQRK0D,A28AXX4NCWPH1F,https://isabellalv.pythonanywhere.com/mturkImages_sil/gr_pos0003.png,https://isabellalv.pythonanywhere.com/mturkImages_sil/gr_pos0004.png,6 - somewhat similar
3XEDXEGFX3OG2CQ15X9VF5RVWQRK0D,A2MKIXI9X3HJF4,https://isabellalv.pythonanywhere.com/mturkImages_sil/gr_pos0003.png,https://isabellalv.pythonanywhere.com/mturkImages_sil/gr_pos0004.png,6 - somewhat similar
3XEDXEGFX3OG2CQ15X9VF5RVWQRK0D,A3OZ8KF0HWSVWK,https://isabellalv.pythonanywhere.com/mturkImages_sil/gr_pos0003.png,https://isabellalv.pythonanywhere.com/mturkImages_sil/gr_pos0004.png,7 - mostly similar
3P6ENY9P79W07H6932V48HBZQ34HI1,A1OYKOGC8W3EO5,https://isabellalv.pythonanywhere.com/mturkImages_sil/tp_pos0004.png,https://isabellalv.pythonanywhere.com/mturkImages_sil/tp_pos0005.png,6 - somewhat similar
3P6ENY9P79W07H6932V48HBZQ34HI1,A1WVN0IYEVC5HU,https://isabellalv.pythonanywhere.com/mturkImages_sil/tp_pos0004.png,https://isabellalv.pythonanywhere.com/mturkImages_sil/tp_pos0005.png,7 - mostly similar
3P6ENY9P79W07H6932V48HBZQ34HI1,A1WY3YGT618GC0,https://isabellalv.pythonanywhere.com/mturkImages_sil/tp_pos0004.png,https://isabellalv.pythonanywhere.com/mturkImages_sil/tp_pos0005.png,8 - very similar
3P6ENY9P79W07H6932V48HBZQ34HI1,A1Y5WECM370QXW,https://isabellalv.pythonanywhere.com/mturkImages_sil/tp_pos0004.png,https://isabellalv.pythonanywhere.com/mturkImages_sil/tp_pos0005.png,6 - somewhat similar
3P6ENY9P79W07H6932V48HBZQ34HI1,A1YSYI926BBOHW,https://isabellalv.pythonanywhere.com/mturkImages_sil/tp_pos0004.png,https://isabellalv.pythonanywhere.com/mturkImages_sil/tp_pos0005.png,4 - somewhat different
3P6ENY9P79W07H6932V48HBZQ34HI1,A28AXX4NCWPH1F,https://isabellalv.pythonanywhere.com/mturkImages_sil/tp_pos0004.png,https://isabellalv.pythonanywhere.com/mturkImages_sil/tp_pos0005.png,6 - somewhat similar
3P6ENY9P79W07H6932V48HBZQ34HI1,A2MKIXI9X3HJF4,https://isabellalv.pythonanywhere.com/mturkImages_sil/tp_pos0004.png,https://isabellalv.pythonanywhere.com/mturkImages_sil/tp_pos0005.png,6 - somewhat similar
3P6ENY9P79W07H6932V48HBZQ34HI1,A30MP4LXV4MIFD,https://isabellalv.pythonanywhere.com/mturkImages_sil/tp_pos0004.png,https://isabellalv.pythonanywhere.com/mturkImages_sil/tp_pos0005.png,8 - very similar
3P6ENY9P79W07H6932V48HBZQ34HI1,ABZF0LWDMH43D,https://isabellalv.pythonanywhere.com/mturkImages_sil/tp_pos0004.png,https://isabellalv.pythonanywhere.com/mturkImages_sil/tp_pos0005.png,4 - somewhat different
3YZ7A3YHR5TDL2PA7CO9NMEWUSF5S0,A1OYKOGC8W3EO5,https://isabellalv.pythonanywhere.com/mturkImages_sil/tp_pos0006.png,https://isabellalv.pythonanywhere.com/mturkImages_sil/tp_pos0007.png,7 - mostly similar
3YZ7A3YHR5TDL2PA7CO9NMEWUSF5S0,A1WVN0IYEVC5HU,https://isabellalv.pythonanywhere.com/mturkImages_sil/tp_pos0006.png,https://isabellalv.pythonanywhere.com/mturkImages_sil/tp_pos0007.png,7 - mostly similar
3YZ7A3YHR5TDL2PA7CO9NMEWUSF5S0,A1WY3YGT618GC0,https://isabellalv.pythonanywhere.com/mturkImages_sil/tp_pos0006.png,https://isabellalv.pythonanywhere.com/mturkImages_sil/tp_pos0007.png,3 - mostly different
3YZ7A3YHR5TDL2PA7CO9NMEWUSF5S0,A1Y5WECM370QXW,https://isabellalv.pythonanywhere.com/mturkImages_sil/tp_pos0006.png,https://isabellalv.pythonanywhere.com/mturkImages_sil/tp_pos0007.png,5 - neither different nor similar
3YZ7A3YHR5TDL2PA7CO9NMEWUSF5S0,A1YSYI926BBOHW,https://isabellalv.pythonanywhere.com/mturkImages_sil/tp_pos0006.png,https://isabellalv.pythonanywhere.com/mturkImages_sil/tp_pos0007.png,7 - mostly similar
3YZ7A3YHR5TDL2PA7CO9NMEWUSF5S0,A28AXX4NCWPH1F,https://isabellalv.pythonanywhere.com/mturkImages_sil/tp_pos0006.png,https://isabellalv.pythonanywhere.com/mturkImages_sil/tp_pos0007.png,6 - somewhat similar
3YZ7A3YHR5TDL2PA7CO9NMEWUSF5S0,A2MKIXI9X3HJF4,https://isabellalv.pythonanywhere.com/mturkImages_sil/tp_pos0006.png,https://isabellalv.pythonanywhere.com/mturkImages_sil/tp_pos0007.png,7 - mostly similar
3YZ7A3YHR5TDL2PA7CO9NMEWUSF5S0,A39SK1E6IMQBD5,https://isabellalv.pythonanywhere.com/mturkImages_sil/tp_pos0006.png,https://isabellalv.pythonanywhere.com/mturkImages_sil/tp_pos0007.png,7 - mostly similar
3YZ7A3YHR5TDL2PA7CO9NMEWUSF5S0,ABZF0LWDMH43D,https://isabellalv.pythonanywhere.com/mturkImages_sil/tp_pos0006.png,https://isabellalv.pythonanywhere.com/mturkImages_sil/tp_pos0007.png,4 - somewhat different